Supplier;Supplier_name
27061718615;International Seaways, Inc.
40590360150;Peoples Bancorp Inc.
65622715995;Heritage Financial Corporation
68412195823;MFA Financial, Inc.
68537727508;Littelfuse, Inc.
69366348869;Royce Micro-Cap Trust, Inc.
70393090396;J P Morgan Chase & Co
71359806075;Soligenix, Inc.
90052438815;NextEra Energy, Inc.
94288607126;Liberty Interactive Corporation
149763757706;Campbell Soup Company
174646989793;Popular, Inc.
180730321124;CA Inc.
185064224440;Quad Graphics, Inc
209144049083;FIRST REPUBLIC BANK
222908979256;Scientific Games Corp
231527702611;Calamos Global Total Return Fund
248571724638;Monolithic Power Systems, Inc.
254015539653;Nuveen Mortgage Opportunity Term Fund
259169916103;Companhia Brasileira de Distribuicao
280775815622;United Rentals, Inc.
290448206407;AudioCodes Ltd.
291117050178;Argos Therapeutics, Inc.
300424968476;GMS Inc.
305616507582;Regeneron Pharmaceuticals, Inc.
307827166031;Future FinTech Group Inc.
308359612446;Selective Insurance Group, Inc.
312623273940;Barclays Inverse US Treasury Composite ETN
316399891316;China Online Education Group
324912211425;Royal Bank Scotland plc (The)
332363130866;BlackRock Multi-Sector Income Trust
349745037637;U.S. Physical Therapy, Inc.
356106975140;Icahn Enterprises L.P.
366789302092;United Dominion Realty Trust, Inc.
367719370831;ACI Worldwide, Inc.
374133856893;InfraREIT, Inc.
377535309192;Phibro Animal Health Corporation
396924883377;Enduro Royalty Trust
429403670381;Tallgrass Energy GP, LP
438722245610;VALE S.A.
455033800411;Hurco Companies, Inc.
479396248659;Public Storage
479508542253;OGE Energy Corporation
486715742024;Fidelity Southern Corporation
501212117175;EnerNOC, Inc.
501311703880;Medpace Holdings, Inc.
505830830684;Liquidity Services, Inc.
523874811751;Finjan Holdings, Inc.
537247764152;Blackrock Municipal 2018 Term Trust
537519304032;MaxLinear, Inc
544473430349;RE/MAX Holdings, Inc.
561376396786;Engility Holdings, Inc.
570242226952;Lockheed Martin Corporation
605749421638;MFA Financial, Inc.
606051269531;Acceleron Pharma Inc.
646752917304;Pure Cycle Corporation
653547190033;Torchmark Corporation
654331538542;Yum China Holdings, Inc.
665575405317;Dominion Energy Midstream Partners, LP
688503668943;Flex Pharma, Inc.
689202504586;Colonial Intermediate High Income Fund
691027787254;Westamerica Bancorporation
691230996209;Dean Foods Company
692519265971;PulteGroup, Inc.
695919648559;Cullen/Frost Bankers, Inc.
714426148881;China Commercial Credit, Inc.
731424522698;Ocera Therapeutics, Inc.
754658974254;StoneMor Partners L.P.
755953429935;Ultra Clean Holdings, Inc.
781137342180;Ecolab Inc.
793265649848;American Vanguard Corporation
809279877554;BalckRock Taxable Municipal Bond Trust
820298386287;Harvard Bioscience, Inc.
822778870851;Capital Product Partners L.P.
824645146374;Daily Journal Corp. (S.C.)
828796611348;Wipro Limited
840291543931;First Trust Global Tactical Commodity Strategy Fund
844816428572;Benitec Biopharma Limited
863693957437;Patriot National, Inc.
867181505791;Teekay Offshore Partners L.P.
874556226904;MGM Growth Properties LLC
878687435304;Cree, Inc.
885818025418;StarTek, Inc.
887773123643;John Hancock Tax-Advantaged Global Shareholder Yield Fund
906942051354;Heat Biologics, Inc.
910609591881;Park Sterling Corporation
915647596309;Align Technology, Inc.
936032775566;Hovnanian Enterprises Inc
939599004364;Argos Therapeutics, Inc.
943940576996;China Zenix Auto International Limited
959548375290;Lamar Advertising Company
962261602668;GRAVITY Co., Ltd.
964171087338;VWR Corporation
964911055615;Lonestar Resources US Inc.
969398531058;CytRx Corporation
1010761580212;TICC Capital Corp.
1039622325154;MercadoLibre, Inc.
1050256983956;Greene County Bancorp, Inc.
1052058049754;FSB Bancorp, Inc.
1068199341215;Orion Energy Systems, Inc.
1089527132850;RELX N.V.
1114645023234;Ameren Corporation
1140284079473;LHC Group
1189411007316;Catabasis Pharmaceuticals, Inc.
1216429092403;Colony NorthStar, Inc.
1224123467937;Scotts Miracle-Gro Company (The)
1229114069392;Rudolph Technologies, Inc.
1231529354180;Woori Bank
1231657450129;Rocket Fuel Inc.
1235274451275;AngloGold Ashanti Limited
1262272011340;TRI Pointe Group, Inc.
1270500082758;AlphaMark Actively Managed Small Cap ETF
1284518402931;Francesca's Holdings Corporation
1326902988882;Ryerson Holding Corporation
1346177186306;Clean Energy Fuels Corp.
1365009864648;FinTech Acquisition Corp. II
1367968724632;Gaia, Inc.
1368726040633;UGI Corporation
1378420053903;IDACORP, Inc.
1386176890422;Eaton Vance Tax-Managed Buy-Write Income Fund
1405119397583;Eaton Vance High Income 2021 Target Term Trust
1407533061491;AllianzGI NFJ Dividend, Interest & Premium Strategy Fund
1426979656881;Adams Natural Resources Fund, Inc.
1430870114712;Spirit Airlines, Inc.
1448111448401;Ocular Therapeutix, Inc.
1456239062568;Globant S.A.
1490203156072;Triangle Capital Corporation
1493304198541;Managed Duration Investment Grade Municipal Fund
1499216143593;Deluxe Corporation
1506522900307;Gabelli Utility Trust (The)
1513286610735;Spark Energy, Inc.
1524702859550;Electrum Special Acquisition Corporation
1536519624411;Willis Lease Finance Corporation
1541067740560;Ohr Pharmaceuticals, Inc.
1541351677660;InfoSonics Corp
1555547806732;Pimco Global Stocksplus & Income Fund
1561797242153;Advent/Claymore Enhanced Growth & Income Fund
1572267466041;The KEYW Holding Corporation
1575678414984;Granite Real Estate Inc.
1587289493592;WD-40 Company
1599387014931;PC-Tel, Inc.
1602784866689;Mohawk Industries, Inc.
1631472545421;Aegean Marine Petroleum Network Inc.
1658617866982;CryoPort, Inc.
1662037998532;Truett-Hurst, Inc.
1674735629655;MobileIron, Inc.
1679166126708;Sears Holdings Corporation
1682725290948;Golub Capital BDC, Inc.
1694374514994;Itau Unibanco Banco Holding SA
1705402944893;KapStone Paper and Packaging Corporation
1713044374811;Kate Spade & Company
1756084360929;Amazon.com, Inc.
1768291241869;Electro-Sensors, Inc.
1770369912961;Buckeye Partners L.P.
1783381239521;WMIH Corp.
1792257771898;ArcBest Corporation
1809535507237;Two Harbors Investments Corp
1826322865498;BlackRock California Municipal Income Trust
1833063971898;Meritor, Inc.
1836278544953;Verisk Analytics, Inc.
1852726984531;Prologis, Inc.
1897503061328;PetMed Express, Inc.
1912130009031;Chevron Corporation
1922007664515;Fulgent Genetics, Inc.
1923432448148;E*TRADE Financial Corporation
1923517792277;RigNet, Inc.
1966687074088;Quorum Health Corporation
1990787573062;Apollo Tactical Income Fund Inc.
1994168083380;Siebert Financial Corp.
1995671494564;Nuveen Credit Strategies Income Fund
2005525439734;The Bancorp, Inc.
2005720851313;Silicom Ltd
2012800479326;1347 Property Insurance Holdings, Inc.
2014817221267;Myriad Genetics, Inc.
2019058353940;Masonite International Corporation
2032150934300;FlexShares STOXX US ESG Impact Index Fund
2041019447366;Standard Motor Products, Inc.
2041424015372;FlexShares Credit-Scored US Corporate Bond Index Fund
2056791648869;Greenhill & Co., Inc.
2064032943855;Aurinia Pharmaceuticals Inc
2067483111440;Tetra Technologies, Inc.
2069033182249;Prima BioMed Ltd
2071270430513;PowerShares Global Gold & Precious Metals Portfolio
2075416525242;New Senior Investment Group Inc.
2077507038092;Magal Security Systems Ltd.
2078750483334;Auburn National Bancorporation, Inc.
2079846070255;Gentherm Inc
2079926000511;NextEra Energy, Inc.
2087296218497;Arrow Electronics, Inc.
2111028145962;Scudder Strategic Income Trust
2111625358822;Protective Life Corporation
2117159186411;TTM Technologies, Inc.
2121054881449;Nuveen High Income December 2019 Target Term Fund
2132941416931;SemiLEDS Corporation
2135547524351;Orchid Island Capital, Inc.
2141798648654;Semtech Corporation
2143740594727;Luby's, Inc.
2153790907002;Sotherly Hotels Inc.
2155642481076;North European Oil Royality Trust
2159640401220;ProPhase Labs, Inc.
2164774587417;Advanced Drainage Systems, Inc.
2189839341161;Central Garden & Pet Company
2249418044055;Seaspan Corporation
2255886705489;Cognizant Technology Solutions Corporation
2261148077594;AMC Networks Inc.
2261193468931;Urstadt Biddle Properties Inc.
2262234190071;Hugoton Royalty Trust
2264907711654;Abbott Laboratories
2269092541702;Avadel Pharmaceuticals plc
2269497293475;Alleghany Corporation
2269965848904;Intersections, Inc.
2274485877632;Western Alliance Bancorporation
2275691273610;Stein Mart, Inc.
2304252690565;Comcast Corporation
2310552496810;Bristow Group Inc
2320333765379;Winnebago Industries, Inc.
2322105458753;VEREIT Inc.
2333411998442;CardConnect Corp.
2347205117382;Invesco High Income Trust II
2355357661839;Brookfield DTLA Inc.
2369819664187;Genworth Financial Inc
2386944236104;Chuy's Holdings, Inc.
2387898040690;Zumiez Inc.
2410851156824;John Hancock Pfd Income Fund II
2411800321739;Manulife Financial Corp
2422170105057;Westmoreland Coal Company
2424382186541;FBL Financial Group, Inc.
2436182728660;ClubCorp Holdings, Inc.
2465564733485;Calumet Specialty Products Partners, L.P.
2476545316718;Asbury Automotive Group Inc
2478704361958;Echelon Corporation
2486542976870;Life Storage, Inc.
2499105394316;Potbelly Corporation
2509121074221;Valmont Industries, Inc.
2525269550921;Perry Ellis International Inc.
2541508547066;Horace Mann Educators Corporation
2542642941296;Sharps Compliance Corp
2556339835124;Mettler-Toledo International, Inc.
2562389858711;Zions Bancorporation
2562589640626;Republic Bancorp, Inc.
2564272387118;Natl Westminster Pfd
2565903995844;Flex Ltd.
2589469095855;Navios Maritime Partners LP
2622704207863;NetSol Technologies Inc.
2623152502663;Ares Capital Corporation
2632053918035;NRG Energy, Inc.
2633338512687;Wesco Aircraft Holdings, Inc.
2637747531805;SEACOR Marine Holdings Inc.
2650607285530;Floor & Decor Holdings, Inc.
2659282449283;Rapid7, Inc.
2660688275042;Vanguard Russell 2000 Value ETF
2679731220283;Permian Basin Royalty Trust
2681852661241;Taylor Devices, Inc.
2684080527108;Staffing 360 Solutions, Inc.
2685478451041;National Commerce Corporation
2687947426978;ProAssurance Corporation
2690090782920;Fidus Investment Corporation
2700745532411;RADA Electronic Industries Ltd.
2704960806777;Pzena Investment Management Inc
2724865160283;AdvanSix Inc.
2725934447193;ESCO Technologies Inc.
2727566603330;Sony Corp Ord
2743063733679;Jack In The Box Inc.
2751790889702;Callon Petroleum Company
2759735785847;LCNB Corporation
2761101330195;Axon Enterprise, Inc.
2772858715958;Whirlpool Corporation
2775729027236;First Trust Multi-Asset Diversified Income Index Fund
2798302701627;American Financial Group, Inc.
2804576767541;CU Bancorp (CA)
2829381680395;Advaxis, Inc.
2835525670928;Methode Electronics, Inc.
2835734820550;NextEra Energy, Inc.
2840524837532;Kilroy Realty Corporation
2847913345034;Milacron Holdings Corp.
2864685397008;Zynerba Pharmaceuticals, Inc.
2864963574609;Fidelity National Financial, Inc.
2869803187494;General Electric Company
2879286949000;Ocean Rig UDW Inc.
2894817914375;Vector Group Ltd.
2904528865548;BlueLinx Holdings Inc.
2930676618302;Rentech, Inc.
2966605824923;Marine Products Corporation
2986723477219;Zions Bancorporation
2993712554593;Cloudera, Inc.
2998670314651;Crocs, Inc.
2999174186327;Brookfield Global Listed Infrastructure Income Fund
3050715034886;CoreSite Realty Corporation
3051360671887;United States Cellular Corporation
3055505935232;Nutanix, Inc.
3070556420421;Fuling Global Inc.
3071295620601;F.N.B. Corporation
3084830897193;Nuveen Floating Rate Income Opportuntiy Fund
3095098580036;John Hancock Preferred Income Fund III
3099098833476;Ideal Power Inc.
3113499469103;KLX Inc.
3115714583042;Sensus Healthcare, Inc.
3116596585952;Laredo Petroleum, Inc.
3140874906957;QCR Holdings, Inc.
3158848721350;WesBanco, Inc.
3170386910503;Celgene Corporation
3171868888180;PTC Therapeutics, Inc.
3173390343850;NRG Energy, Inc.
3175382725561;AbbVie Inc.
3183527975437;Genie Energy Ltd.
3207857265750;Senior Housing Properties Trust
3209149652988;Steel Partners Holdings LP
3209467556829;Advanced Drainage Systems, Inc.
3216179003649;The First of Long Island Corporation
3222351902886;Houghton Mifflin Harcourt Company
3230633814268;Vectrus, Inc.
3232113314041;MasTec, Inc.
3232740033687;Navios Maritime Acquisition Corporation
3234839514634;Primo Water Corporation
3259098616734;ConforMIS, Inc.
3261356955902;TELUS Corporation
3263650473210;Kinder Morgan, Inc.
3315590027217;BioDelivery Sciences International, Inc.
3329427879574;State Street Corporation
3362990785704;Invacare Corporation
3368145251658;Tortoise Energy Independence Fund, Inc.
3369285458753;Gabelli Equity Trust, Inc. (The)
3374158701594;Hess Corporation
3391622274364;Jack Henry & Associates, Inc.
3393199035381;Vanguard Russell 2000 ETF
3399660451105;NextEra Energy, Inc.
3399683949103;Public Storage
3402049718241;Aviat Networks, Inc.
3411558589533;Nuveen Build America Bond Fund
3419291351492;Gladstone Investment Corporation
3419318392295;PICO Holdings Inc.
3439717022674;Versum Materials, Inc.
3449152493623;Unity Bancorp, Inc.
3454777205581;Matson, Inc.
3474836728627;Wells Fargo & Company
3484254628797;Nuveen Connecticut Quality Municipal Income Fund
3486673177747;CNO Financial Group, Inc.
3497724927937;Stone Harbor Emerging Markets Income Fund
3503201899609;Progenics Pharmaceuticals Inc.
3510671174966;Consolidated Water Co. Ltd.
3512987427396;Sypris Solutions, Inc.
3514799276514;AlphaMark Actively Managed Small Cap ETF
3524846427137;Pennsylvania Real Estate Investment Trust
3527127266920;Heartland Express, Inc.
3529998434563;Boise Cascade, L.L.C.
3535105938939;South State Corporation
3536946284633;Anworth Mortgage Asset  Corporation
3539913187211;Blackrock MuniHoldings Investment Quality Fund
3560059407663;Heico Corporation
3565485686255;Star Gas Partners, L.P.
3567642773811;Helmerich & Payne, Inc.
3575653632859;BlackRock Municipal Target Term Trust Inc. (The)
3594249146929;Weibo Corporation
3644157998609;Gerdau S.A.
3644460999112;Packaging Corporation of America
3706750650205;BB&T Corporation
3716982082670;Aceto Corporation
3727670731288;Electro-Sensors, Inc.
3728452397752;Verisk Analytics, Inc.
3735419760467;Methanex Corporation
3740113258751;Moody's Corporation
3747588319720;Chesapeake Granite Wash Trust
3754221334469;Matlin & Partners Acquisition Corporation
3775585017622;SEACOR Marine Holdings Inc.
3776782180135;NBT Bancorp Inc.
3780052154987;Lipocine Inc.
3782132044770;Papa Murphy's Holdings, Inc.
3791792432877;Jabil Inc.
3799141211437;Vident International Equity Fund
3845244381983;Calamos Convertible Opportunities and Income Fund
3854692480171;Exponent, Inc.
3870642836548;Corium International, Inc.
3875470067885;Oppenheimer Holdings, Inc.
3876521084320;Ambarella, Inc.
3902887205407;Townsquare Media, Inc.
3912861973555;Titan International, Inc.
3933740284056;China Online Education Group
3934239567483;Kentucky First Federal Bancorp
3943081093118;Macro Bank Inc.
3953147885186;Lyon William Homes
3957333657979;Precision Drilling Corporation
3958594424090;Wesco Aircraft Holdings, Inc.
3966437605086;Pfizer, Inc.
3987197327392;Karyopharm Therapeutics Inc.
4023935053784;Bed Bath & Beyond Inc.
4028838037869;Dynegy Inc.
4031091395966;Woodward, Inc.
4040993159969;Cresud S.A.C.I.F. y A.
4047361321080;Banco Santander, S.A.
4049737769183;LMP Capital and Income Fund Inc.
4061541971675;Presidio, Inc.
4062699815190;GATX Corporation
4101675904525;OpGen, Inc.
4125231522647;Kona Grill, Inc.
4130189469972;VanEck Vectors Pharmaceutical ETF
4152782227720;Axovant Sciences Ltd.
4154752711422;Western Asset/Claymore U.S Treasury Inflation Prot Secs Fd 2
4183039484058;Jaguar Animal Health, Inc.
4193030315994;Tsakos Energy Navigation Ltd
4202333020367;Fibria Celulose S.A.
4211853017747;Qwest Corporation
4213814895293;Omega Flex, Inc.
4222580461680;TIM Participacoes S.A.
4232854293449;Macquarie/First Trust Global
4274957715242;NextEra Energy, Inc.
4276460724955;Roper Technologies, Inc.
4280623962260;SecureWorks Corp.
4290975995854;Calamos Global Total Return Fund
4300786739324;Aflac Incorporated
4308028014316;National Research Corporation
4310840170883;NVE Corporation
4317543759717;Nuveen High Income December 2019 Target Term Fund
4325294859952;Hooker Furniture Corporation
4326320110856;AG Mortgage Investment Trust, Inc.
4330690362828;Nuveen Select Maturities Municipal Fund
4341363695791;F.N.B. Corporation
4345173521254;The Chefs' Warehouse, Inc.
4359936157660;Telecom Italia S.P.A.
4363707594338;Marvell Technology Group Ltd.
4364309062787;USA Technologies, Inc.
4368554336563;Regions Financial Corporation
4370126868023;NeuroDerm Ltd.
4378145587176;Synchronoss Technologies, Inc.
4391989939148;Ocean Rig UDW Inc.
4393206371698;PowerShares 1-30 Laddered Treasury Portfolio
4403982061210;Ebix, Inc.
4408755888543;Hovnanian Enterprises Inc
4423434013595;Oracle Corporation
4438802268045;Performant Financial Corporation
4439185944738;Revance Therapeutics, Inc.
4443616457842;TSR, Inc.
4449998246193;iFresh Inc.
4468619327051;Vince Holding Corp.
4472049389318;Summit Financial Group, Inc.
4484364336488;Capitol Federal Financial, Inc.
4498970136084;AlphaMark Actively Managed Small Cap ETF
4501592772535;Aeglea BioTherapeutics, Inc.
4525968614098;Stepan Company
4542380072821;Caesarstone Ltd.
4572710712494;Salient Midstream & MLP Fund
4577655158398;RAIT Financial Trust
4581769812726;First Trust Municipal CEF Income Opportunity ETF
4589913238422;First Trust Low Duration Opportunities ETF
4602308658477;Vital Therapies, Inc.
4619070075799;ImmuCell Corporation
4620792085188;Interactive Brokers Group, Inc.
4624760928421;Resources Connection, Inc.
4625550500511;Stewardship Financial Corp
4627733546839;Celgene Corporation
4640980280362;Western Asset Municipal Partners Fund, Inc.
4642880858856;Sotherly Hotels Inc.
4646733799492;Enbridge Energy, L.P.
4652455588958;Colonial Investment Grade Municipal Trust
4657035429438;Eros International PLC
4663430258553;Flushing Financial Corporation
4683811597737;PowerShares KBW Regional Banking Portfolio
4701652242669;Twenty-First Century Fox, Inc.
4705753715940;Westrock Company
4706147675923;ING Group, N.V.
4707545326458;CBRE Clarion Global Real Estate Income Fund
4744630628457;Zebra Technologies Corporation
4759250520821;USANA Health Sciences, Inc.
4766731581886;TEGNA Inc.
4771736375665;Coffee Holding Co., Inc.
4779781781547;ATA Inc.
4780042337375;Canadian Imperial Bank of Commerce
4781381705177;Fifth Street Senior Floating Rate Corp.
4786839740597;Medley Management Inc.
4803283449460;World Fuel Services Corporation
4820530583060;SunTrust Banks, Inc.
4825404962013;iShares MSCI UAE Capped ETF
4826067177724;Assured Guaranty Ltd.
4828512349091;Voya Global Equity Dividend and Premium Opportunity Fund
4830234565664;CSI Compressco LP
4836927533417;Connecture, Inc.
4842229360898;Integrated Device Technology, Inc.
4845077304237;TCP Capital Corp.
4862235469055;Pixelworks, Inc.
4865790240340;Zions Bancorporation
4887405567263;ConnectOne Bancorp, Inc.
4888579494727;Blueknight Energy Partners L.P., L.L.C.
4890008714718;Andina Acquisition Corp. II
4908686651390;FelCor Lodging Trust Incorporated
4921750521466;Mexico Fund, Inc. (The)
4929176766113;Crawford & Company
4943535686866;Tidewater Inc.
4949925102852;First United Corporation
4969751865351;Southern National Bancorp of Virginia, Inc.
4980913135690;SGOCO Group, Ltd
4986091675126;Eaton Vance Municipal Income Trust
4991246127341;Pembina Pipeline Corp.
4997632131580;Travelzoo
5043918756694;iPath US Treasury Long Bond Bull ETN
5046029618257;PowerShares DWA Energy Momentum Portfolio
5048535595526;Determine, Inc. 
5052673939623;NRG Yield, Inc.
5053204385861;CF Corporation
5054313526191;Fidelity Nasdaq Composite Index Tracking Stock
5075938176530;Albireo Pharma, Inc.
5099555784441;Nuveen Tax-Advantaged Total Return Strategy Fund
5104381561266;Home Depot, Inc. (The)
5111465469041;Genesis Energy, L.P.
5122274048371;Cadiz, Inc.
5127352173299;Tortoise Power and Energy Infrastructure Fund, Inc
5127917057467;Monotype Imaging Holdings Inc.
5128049390476;Unilever NV
5128085972202;Helen of Troy Limited
5132391081123;Laboratory Corporation of America Holdings
5146612492729;Kaman Corporation
5148220537864;Colony NorthStar, Inc.
5165776188484;CB Financial Services, Inc.
5180394083075;WPX Energy, Inc.
5192082354058;Royce Micro-Cap Trust, Inc.
5216058340088;Kforce, Inc.
5229135783052;Aralez Pharmaceuticals Inc.
5234103587102;Aflac Incorporated
5236975769228;Natural Gas Services Group, Inc.
5249813722548;Approach Resources Inc.
5259860985755;Celadon Group, Inc.
5289689741988;Rollins, Inc.
5290973637938;Hospitality Properties Trust
5293991827384;Kimco Realty Corporation
5306101589909;Neenah Paper, Inc.
5322827305485;Sunworks, Inc.
5354697096676;VictoryShares International Volatility Wtd ETF
5360128926485;Capstead Mortgage Corporation
5385588672426;Aberdeen Greater China Fund, Inc.
5386043188976;Gafisa SA
5387157248691;New Age Beverages Corporation
5404844775354;Domino's Pizza Inc
5407571870803;BHP Billiton plc
5424530922001;Liberty Global plc
5426313925075;PowerShares DWA Momentum & Low Volatility Rotation Portfolio
5437753233963;First Trust Dynamic Europe Equity Income Fund
5442868084357;Vectren Corporation
5443085223368;iShares MSCI USA ESG Optimized ETF
5447630526955;PPG Industries, Inc.
5460391810568;Littelfuse, Inc.
5469026029302;Installed Building Products, Inc.
5470776414938;Star Bulk Carriers Corp.
5496275964008;CBL & Associates Properties, Inc.
5502049016312;USG Corporation
5504134608587;FSB Bancorp, Inc.
5540950314535;International Speedway Corporation
5546583462235;MVC Capital, Inc.
5548268776791;Bank of America Corporation
5578323990741;bebe stores, inc.
5578598153488;Marchex, Inc.
5579506709113;Greenlight Reinsurance, Ltd.
5588727390054;Bristow Group Inc
5594458400543;EnteroMedics Inc.
5598156729690;Peak Resorts, Inc.
5599706061633;Anixter International Inc.
5605809318044;Entergy New Orleans, Inc.
5608664293374;Alexander's, Inc.
5647720680869;Nutraceutical International Corporation
5658186491107;Antero Midstream GP LP
5658752472929;Cytori Therapeutics Inc
5693653616162;Kosmos Energy Ltd.
5694435577669;Liberty Global plc
5697774112274;Morgan Stanley Emerging Markets Domestic Debt Fund, Inc.
5698019737357;AMN Healthcare Services Inc
5699533884356;Integer Holdings Corporation
5709964851469;SPX Corporation
5712220002331;Invesco Municipal Opportunity Trust
5725834381602;The Gabelli Healthcare & Wellness Trust
5727605706974;Public Storage
5744597552944;Popular, Inc.
5750771287751;BofI Holding, Inc.
5754710813934;Entergy Arkansas, Inc.
5768760610920;OCI Partners LP
5775608496088;Heritage Insurance Holdings, Inc.
5797423706642;PIMCO Commercial Mortgage Securities Trust, Inc.
5798125940703;Manchester United Ltd.
5830180523250;Horizon Pharma plc
5850363918825;Intrepid Potash, Inc
5857613059852;Span-America Medical Systems, Inc.
5868159923233;Stanley Black & Decker, Inc.
5875001281499;ResMed Inc.
5878553309721;Rosetta Genomics Ltd.
5880775713882;Euronav NV
5894619361125;Fidelity National Information Services, Inc.
5901622459636;Investors Real Estate Trust
5903502036178;PowerShares S&P SmallCap Industrials Portfolio
5906728523161;Diamondback Energy, Inc.
5909984515048;Itau Unibanco Banco Holding SA
5911257986238;Becton, Dickinson and Company
5919713433042;RELX N.V.
5933281923613;Oshkosh Corporation
5934787946847;Winmark Corporation
5939813806380;GSI Technology, Inc.
5947986613379;Vascular Biogenics Ltd.
5970035927049;BeyondSpring, Inc.
5974547412348;Polar Power, Inc.
5995044407644;Marten Transport, Ltd.
6042711195067;Panhandle Royalty Company
6043061042285;INVESCO MORTGAGE CAPITAL INC
6051257556978;Osisko Gold Royalties Ltd
6056704951838;CTI Industries Corporation
6090276154443;First Northwest Bancorp
6091824287255;Humana Inc.
6104939924775;Digital Realty Trust, Inc.
6115808584365;RPC, Inc.
6119159463511;PTC Therapeutics, Inc.
6119466535036;Vanguard Russell 1000 ETF
6120605477358;StoneMor Partners L.P.
6127947677592;Royce Micro-Cap Trust, Inc.
6133501381706;Flex Pharma, Inc.
6153788365259;OFG Bancorp
6154633123543;Alder BioPharmaceuticals, Inc.
6158999694835;Principal Financial Group Inc
6165888530222;Nuveen Dow 30SM Dynamic Overwrite Fund
6169781188338;Columbia Property Trust, Inc.
6169858610675;Avista Corporation
6174799381487;Utah Medical Products, Inc.
6180020093951;Limbach Holdings, Inc.
6188242724772;KraneShares CSI China Internet ETF
6194582714626;Oracle Corporation
6201940974309;Jewett-Cameron Trading Company
6202458387259;IDEX Corporation
6235338123716;Rigel Pharmaceuticals, Inc.
6235409617749;AGNC Investment Corp.
6301753897147;Annaly Capital Management Inc
6312347767505;Nuveen Municipal Credit Income Fund
6314225331011;Calamos Dynamic Convertible & Income Fund
6315635477419;First Trust MLP and Energy Income Fund
6332713471155;Core Laboratories N.V.
6346253359607;Vident Core US Equity ETF
6349541965210;QIWI plc
6349736100599;Lakeland Bancorp, Inc.
6352674663581;iShares 0-5 Year Investment Grade Corporate Bond ETF
6355718256313;Atlantica Yield plc
6358324013241;BancFirst Corporation
6367943389348;Cenveo Inc
6371593082896;CGI Group, Inc.
6374600851797;Nuveen Real Asset Income and Growth Fund
6375386063007;J P Morgan Chase & Co
6375755537659;The Travelers Companies, Inc.
6379990585695;State Street Corporation
6427925389042;U.S. Energy Corp.
6430258746236;Pennsylvania Real Estate Investment Trust
6442407016703;Celsion Corporation
6452357420896;Bojangles', Inc.
6452458116258;Avis Budget Group, Inc.
6463399721405;ManpowerGroup
6466011738696;Bel Fuse Inc.
6472659831681;Fulgent Genetics, Inc.
6498333982595;Bridgepoint Education, Inc.
6511663070079;Cadiz, Inc.
6515213147149;First Trust Nasdaq Bank ETF
6521000794844;Double Eagle Acquisition Corp.
6561546430087;Charles River Laboratories International, Inc.
6568163389849;Mercantile Bank Corporation
6573739949502;KraneShares CSI China Internet ETF
6584043009249;Eagle Point Credit Company Inc.
6642246686645;Marlin Business Services Corp.
6647269398504;Darling Ingredients Inc.
6654878852661;Nuveen Short Duration Credit Opportunities Fund
6656299569790;EastGroup Properties, Inc.
6663110564547;Oxbridge Re Holdings Limited
6677069183905;American International Group, Inc.
6687949403084;Dawson Geophysical Company
6718640907689;Restaurant Brands International Inc.
6729029578318;Santander Consumer USA Holdings Inc.
6729840173721;Avista Healthcare Public Acquisition Corp.
6737293147554;Arrowhead Pharmaceuticals, Inc.
6747321260346;NN, Inc.
6748614982437;Legg Mason, Inc.
6752469128285;Real Goods Solar, Inc.
6786236957510;Advanced Micro Devices, Inc.
6788574796049;Church & Dwight Company, Inc.
6799492632506;Primoris Services Corporation
6801394095353;Invesco Bond Fund
6805054975305;AutoNation, Inc.
6808588305511;Virtusa Corporation
6817493576784;Asure Software Inc
6820712840617;Franklin Covey Company
6831528894010;Deltic Timber Corporation
6832460821918;SkyWest, Inc.
6846006827480;First Trust TCW Opportunistic Fixed Income ETF
6860589996860;Precision Drilling Corporation
6870957890048;Lilis Energy, Inc.
6882421717789;AgroFresh Solutions, Inc.
6889886265782;EPR Properties
6894041128146;LightInTheBox Holding Co., Ltd.
6899556427165;Statoil ASA
6938807214275;Alcobra Ltd.
6949580283202;First Bank
6961480538480;Fluor Corporation
6962927141008;GATX Corporation
6982359972043;QTS Realty Trust, Inc.
6985755818187;Fox Factory Holding Corp.
6990368306492;Pebblebrook Hotel Trust
7013541513891;Crown Holdings, Inc.
7018894244587;1-800 FLOWERS.COM, Inc.
7020430504132;Cushing Renaissance Fund (The)
7020890559370;Reynolds American Inc
7028833668044;RGC Resources Inc.
7038149679782;Chevron Corporation
7042164391839;Caleres, Inc.
7045033580010;TrovaGene, Inc.
7059540549502;Public Storage
7065935408827;Noble Midstream Partners LP
7075274106366;Fang Holdings Limited
7100394980883;Stewart Information Services Corporation
7104167021802;CPS Technologies Corp.
7130243200301;CSP Inc.
7141728772311;Splunk Inc.
7149211434401;Verisk Analytics, Inc.
7155590152391;Immuron Limited
7161867702347;Interactive Brokers Group, Inc.
7164021106759;Plantronics, Inc.
7170029149018;Upland Software, Inc.
7177889965440;First Trust
7178639255770;PennantPark Investment Corporation
7189707535941;WisdomTree Emerging Markets Quality Dividend Growth Fund
7194789794710;First Financial Corporation Indiana
7196513302807;Kearny Financial
7197246781125;Jumei International Holding Limited
7199888794342;Glaukos Corporation
7200338034404;PIMCO Municipal Income Fund III
7229978861184;Colonial Investment Grade Municipal Trust
7239307685592;ClearBridge Dividend Strategy ESG ETF
7240037417420;Industrial Services of America, Inc.
7244199263665;Federated Investors, Inc.
7264860546571;Peregrine Pharmaceuticals Inc.
7284063725172;Ottawa Bancorp, Inc.
7287127059149;ARI Network Services, Inc.
7295289269867;Applied DNA Sciences Inc
7298894979963;Umpqua Holdings Corporation
7299802182104;Goldman Sachs Group, Inc. (The)
7307344688614;Lee Enterprises, Incorporated
7310038277261;General Finance Corporation
7311345534721;Blackrock Municipal 2020 Term Trust
7316661208141;Conyers Park Acquisition Corp.
7318842202264;Leggett & Platt, Incorporated
7321806443097;Cal-Maine Foods, Inc.
7343412539377;Alliance MMA, Inc.
7355668062339;LaSalle Hotel Properties
7360099982376;Martin Marietta Materials, Inc.
7366573402368;PAVmed Inc.
7375933201141;WashingtonFirst Bankshares Inc
7379403506101;Highwoods Properties, Inc.
7394207180569;Isramco, Inc.
7395443106244;TransCanada Corporation
7402368941726;Aduro Biotech, Inc.
7405371666102;Itau Unibanco Banco Holding SA
7423020763299;Douglas Dynamics, Inc.
7447739863140;Southern California Edison Company
7463053917363;California Water  Service Group Holding
7463849625428;Affiliated Managers Group, Inc.
7464975008190;Landauer, Inc.
7478857938863;Ballard Power Systems, Inc.
7486470473361;California Resources Corporation
7503390603284;Sealed Air Corporation
7517364828384;Danaos Corporation
7520864111710;Tsakos Energy Navigation Ltd
7525840683996;Wintrust Financial Corporation
7534499680250;Park-Ohio Holdings Corp.
7550708580140;Dreyfus Strategic Municipals, Inc.
7558600220206;NanoString Technologies, Inc.
7598822001666;TAL Education Group
7604516177637;M/I Homes, Inc.
7612171608264;Cadence Design Systems, Inc.
7616868435006;Lazard Ltd.
7625131280488;Hecla Mining Company
7631736803423;Loral Space and Communications, Inc.
7636160011447;Groupon, Inc.
7667521009167;Diana Shipping inc.
7682426991492;JELD-WEN Holding, Inc.
7694845339807;FB Financial Corporation
7709443816359;Southern Copper Corporation
7720772815429;LKQ Corporation
7734310970118;Zebra Technologies Corporation
7735059030643;Aspen Technology, Inc.
7737354506971;Global X Health & Wellness Thematic ETF
7765331559096;MCBC Holdings, Inc.
7771280499481;Herbalife LTD.
7800832719943;Materialise NV
7813404264175;Hudson Technologies, Inc.
7814030856556;Southern California Edison Company
7817074930801;Vident Core US Equity ETF
7820078440610;Vornado Realty Trust
7843823667972;Portland General Electric Company
7846890435327;West Corporation
7856498204044;Discover Financial Services
7864332028909;ParkerVision, Inc.
7878622735502;Essendant Inc.
7879631896507;Global Medical REIT Inc.
7887864637786;First Trust Nasdaq Food & Beverage ETF
7908670251096;Juniper Networks, Inc.
7917477076339;Guidance Software, Inc.
7926572646492;pdvWireless, Inc.
7946874148573;One Liberty Properties, Inc.
7956846397910;TESARO, Inc.
7960402600916;Carbonite, Inc.
7966907851131;DURECT Corporation
7972189875278;Reinsurance Group of America, Incorporated
7988620458997;MSG Networks Inc.
7990309556423;LSI Industries Inc.
8000471166054;First Internet Bancorp
8005596739439;Dynex Capital, Inc.
8013115439122;Amira Nature Foods Ltd
8015815514564;Blueknight Energy Partners L.P., L.L.C.
8017875689927;Adtalem Global Education Inc.
8020636647114;Banco De Chile
8027144502264;Aemetis, Inc
8032918677091;Dreyfus Strategic Municipals, Inc.
8034379075406;First Trust BICK Index Fund
8048609814429;PS Business Parks, Inc.
8061659509614;Allied Healthcare Products, Inc.
8067812570214;Blackrock MuniYield Quality Fund II, Inc.
8072604254336;Cleveland BioLabs, Inc.
8105838710207;Voya Prime Rate Trust
8123336279584;AptarGroup, Inc.
8128482153632;Elmira Savings Bank NY (The)
8134548997141;iShares S&P India Nifty 50 Index Fund
8152823124281;United Fire Group, Inc
8154840408689;Kaman Corporation
8167584674186;Valhi, Inc.
8176655354681;Cutera, Inc.
8200544698286;Aqua America, Inc.
8234690221704;Bank of South Carolina Corp.
8250997247713;First Trust Asia Pacific Ex-Japan AlphaDEX Fund
8270026527131;Banco Santander, S.A.
8306332851963;AMC Entertainment Holdings, Inc.
8313930567145;DAQO New Energy Corp.
8319304689194;Aon plc
8359056645317;Invesco High Income Trust II
8361711884969;China Unicom (Hong Kong) Ltd
8375032111231;Viper Energy Partners LP
8395701560733;Intrepid Potash, Inc
8422138624266;Catalyst Biosciences, Inc. 
8435626849115;Diffusion Pharmaceuticals Inc.
8454289714232;TriplePoint Venture Growth BDC Corp.
8476347180806;Aspen Insurance Holdings Limited
8477315389590;The Organics ETF
8490291762994;Micronet Enertec Technologies, Inc.
8499074038339;First United Corporation
8512001116108;Superconductor Technologies Inc.
8514388244592;Fusion Telecommunications International, Inc.
8515042097228;iShares FTSE EPRA/NAREIT Europe Index Fund
8552115727336;EnteroMedics Inc.
8557331902694;Perrigo Company
8562687050249;Quest Diagnostics Incorporated
8591773152129;Cemtrex Inc.
8610413049225;Bio-Rad Laboratories, Inc.
8613336558043;MFC Bancorp Ltd.
8621613290592;Celyad SA
8626235486896;Kellogg Company
8627812104316;Penn West Petroleum Ltd
8638535362358;BSB Bancorp, Inc.
8641279769766;McKesson Corporation
8647825042255;SolarEdge Technologies, Inc.
8660466948363;MFS Intermediate Income Trust
8671592153893;Obalon Therapeutics, Inc.
8674758798009;Microsoft Corporation
8679513613142;AMN Healthcare Services Inc
8700049114752;Pimco Municipal Income Fund II
8702449919061;Luxfer Holdings PLC
8709483257640;X-Links Gold Shares Covered Call ETN
8726402978619;First Majestic Silver Corp.
8741566416206;NetScout Systems, Inc.
8755367189257;Colony NorthStar, Inc.
8762399113070;Nuveen Tax-Advantaged Total Return Strategy Fund
8780322605901;Key Tronic Corporation
8786446489927;Lipocine Inc.
8822239205650;MACOM Technology Solutions Holdings, Inc.
8827277862313;Xplore Technologies Corp
8835339581716;Barnes & Noble, Inc.
8853716443429;China Auto Logistics Inc.
8854791985252;Teekay Offshore Partners L.P.
8866704339885;Blackrock MuniHoldings Quality Fund II, Inc.
8878735765196;Selective Insurance Group, Inc.
8900549640124;Western Asset Mortgage Defined Opportunity Fund Inc
8918121408610;WeatherStorm Forensic Accounting Long Short ETF
8926207159099;Seaspan Corporation
8928526528725;Templeton Emerging Markets Income Fund, Inc.
8935331753281;Nuveen Select Tax Free Income Portfolio II
8946947263543;Dillard's, Inc.
8959457359785;Catalyst Biosciences, Inc. 
8965875655205;Navios Maritime Partners LP
8982103832264;CME Group Inc.
8991537278692;PHI, Inc.
9024046248448;Vical Incorporated
9032137704495;Coach, Inc.
9039235601658;Kayne Anderson MLP Investment Company
9048939916964;WageWorks, Inc.
9062312251848;Famous Dave's of America, Inc.
9065920687741;Nuveenn Intermediate Duration Quality Municipal Term Fund
9069543521178;MDU Resources Group, Inc.
9101495256023;Live Nation Entertainment, Inc.
9102505269254;Ecopetrol S.A.
9116440827667;Eaton Vance NextShares Trust
9125140163979;58.com Inc.
9126116238631;Norfolk Souther Corporation
9134072387897;IAC/InterActiveCorp
9137330201849;Veritone, Inc.
9148204233058;Chembio Diagnostics, Inc.
9149044324748;NASDAQ TEST STOCK
9151050164771;Honda Motor Company, Ltd.
9153712958249;Virco Manufacturing Corporation
9155086869947;Evoke Pharma, Inc.
9156550955763;Lennar Corporation
9164712326332;Life Storage, Inc.
9167853179085;Lennox International, Inc.
9173316873742;Lehman ABS Corporation
9185159978915;Primero Mining Corp
9187283590556;AMERIPRISE FINANCIAL SERVICES, INC.
9200508557751;MuleSoft, Inc.
9221885613405;Raytheon Company
9226631910597;Patriot National Bancorp Inc.
9230989873664;Nomad Foods Limited
9239125405843;CyberArk Software Ltd.
9242456017297;C.R. Bard, Inc.
9249414910080;Vanguard Russell 2000 Growth ETF
9251577021767;First Merchants Corporation
9266722021030;3D Systems Corporation
9273179172805;Aoxin Tianli Group, Inc.
9278167934921;Ciner Resources LP
9301386153368;Applied Industrial Technologies, Inc.
9314857083129;PulteGroup, Inc.
9321072909182;Cardiome Pharma Corporation
9322753088620;Ituran Location and Control Ltd.
9325447490837;First Financial Corporation Indiana
9327527369470;Callon Petroleum Company
9350437374733;Acacia Communications, Inc.
9370144426242;Navios Maritime Holdings Inc.
9388418921781;Taitron Components Incorporated
9412727920006;Blackstone / GSO Strategic Credit Fund
9417811486166;Valley National Bancorp
9423429894917;ServiceSource International, Inc.
9438801540084;LTC Properties, Inc.
9440625206311;ProShares Ultra Nasdaq Biotechnology
9456512066142;Home Bancorp, Inc.
9470591546406;Teekay LNG Partners L.P.
9473952744273;Sound Financial Bancorp, Inc.
9481312812460;Vail Resorts, Inc.
9487298567840;PowerShares KBW High Dividend Yield Financial Portfolio
9487753973370;Hess Corporation
9497263979374;Wells Fargo & Company
9498448408603;The Hain Celestial Group, Inc.
9510079037868;HMS Holdings Corp
9511828005199;Tenaris S.A.
9534567225844;Ford Motor Company
9544387991591;Bank of America Corporation
9573197695395;National Security Group, Inc.
9581708317181;Capital One Financial Corporation
9585850362256;Silicon Laboratories, Inc.
9588800384058;Southern California Edison Company
9597750230408;Pembina Pipeline Corp.
9608891524302;Primero Mining Corp
9611764272787;Lockheed Martin Corporation
9623191291692;VanEck Vectors Biotech ETF
9631299253205;Select Income REIT
9636733413023;China Xiniya Fashion Limited
9645730616582;VEON Ltd.
9645825437195;RMG Networks Holding Corporation
9655926702509;Stag Industrial, Inc.
9658920906652;CubeSmart
9666797160937;Halcon Resources Corporation
9710809788387;Eastman Chemical Company
9715883249757;Dover Downs Gaming & Entertainment Inc
9728716150573;Trillium Therapeutics Inc.
9733976416919;Pimco California Municipal Income Fund II
9737334559474;Healthcare Trust of America, Inc.
9748341855671;Royal Bank Scotland plc (The)
9769896441921;Deere & Company
9797613890207;First Interstate BancSystem, Inc.
9802821896302;Jabil Inc.
9805073862393;VTTI Energy Partners LP
9806809385434;iShares MSCI China ETF
9814475729540;Time Warner Inc.
9817169571900;Shake Shack, Inc.
9826551497602;Tidewater Inc.
9832269406155;AllianzGI NFJ Dividend, Interest & Premium Strategy Fund
9834587004394;Burlington Stores, Inc.
9852568614275;Sherwin-Williams Company (The)
9854507610665;Entergy Texas Inc
9860307532086;ChipMOS TECHNOLOGIES INC.
9886185231892;Legg Mason Emerging Markets Diversified Core ETF
9893102385098;Exponent, Inc.
9905921522414;Urstadt Biddle Properties Inc.
9912516090667;Stericycle, Inc.
9914663329720;LCNB Corporation
9923002477860;PNM Resources, Inc. (Holding Co.)
9924959522484;YPF Sociedad Anonima
9926617976241;Hunter Maritime Acquisition Corp.
9929165930890;Dimension Therapeutics, Inc.
9933437497795;Aspen Insurance Holdings Limited
9947276404667;Nutraceutical International Corporation
9953346428224;GTY Technology Holdings, Inc.
9958422264821;Marrone Bio Innovations, Inc.
9967459554104;WPX Energy, Inc.
9970541492740;Parsley Energy, Inc.
9981373921306;Delcath Systems, Inc.
9981658607236;SemiLEDS Corporation
9985698123072;Global X Yieldco Index ETF
9987569538229;Nuveen California Municipal Value Fund, Inc.
9994074390240;Stanley Black & Decker, Inc.
